[
  {
    "nama": "qc",
    "count": 97
  },
  {
    "nama": "brat",
    "count": 1718
  },
  {
    "nama": "menu",
    "count": 136
  },
  {
    "nama": "owner",
    "count": 5
  },
  {
    "nama": "limit",
    "count": 138
  },
  {
    "nama": "resetlimit",
    "count": 5
  },
  {
    "nama": "setgoodbye",
    "count": 7
  },
  {
    "nama": "setwelcome",
    "count": 5
  },
  {
    "nama": "addowner",
    "count": 4
  },
  {
    "nama": "welcome",
    "count": 2
  },
  {
    "nama": "goodbye",
    "count": 2
  },
  {
    "nama": "backup",
    "count": 4
  },
  {
    "nama": "ai",
    "count": 30
  },
  {
    "nama": "autoai",
    "count": 12
  },
  {
    "nama": "toimg",
    "count": 13
  },
  {
    "nama": "wm",
    "count": 49
  },
  {
    "nama": "autoaiv2",
    "count": 5
  },
  {
    "nama": "setmenu",
    "count": 4
  },
  {
    "nama": "lirik",
    "count": 2
  },
  {
    "nama": "spotify",
    "count": 2
  },
  {
    "nama": "spotifys",
    "count": 3
  },
  {
    "nama": "spotifydl",
    "count": 2
  },
  {
    "nama": "play",
    "count": 49
  },
  {
    "nama": "ytmp3",
    "count": 35
  },
  {
    "nama": "antispam",
    "count": 3
  },
  {
    "nama": "antilink",
    "count": 1
  },
  {
    "nama": "s",
    "count": 242
  },
  {
    "nama": "hd",
    "count": 239
  },
  {
    "nama": "simi",
    "count": 1
  },
  {
    "nama": "autosholat",
    "count": 2
  },
  {
    "nama": "jadwalsholat",
    "count": 3
  },
  {
    "nama": "setredeem",
    "count": 2
  },
  {
    "nama": "redeem",
    "count": 5
  },
  {
    "nama": "setppbot",
    "count": 2
  },
  {
    "nama": "tebakkata",
    "count": 40
  },
  {
    "nama": "ceklimit",
    "count": 28
  },
  {
    "nama": "tt",
    "count": 291
  },
  {
    "nama": "bratvid",
    "count": 177
  },
  {
    "nama": "saldo",
    "count": 37
  },
  {
    "nama": "tf",
    "count": 8
  },
  {
    "nama": "bratvidio",
    "count": 10
  },
  {
    "nama": "smeme",
    "count": 31
  },
  {
    "nama": "removebg",
    "count": 48
  },
  {
    "nama": "bratvideo",
    "count": 18
  },
  {
    "nama": "me",
    "count": 5
  },
  {
    "nama": "get",
    "count": 9
  },
  {
    "nama": "listredeem",
    "count": 2
  },
  {
    "nama": "allmenu",
    "count": 13
  },
  {
    "nama": "pin",
    "count": 20
  },
  {
    "nama": "indonesia",
    "count": 1
  },
  {
    "nama": "ocr",
    "count": 2
  },
  {
    "nama": "say2",
    "count": 2
  },
  {
    "nama": "translate",
    "count": 1
  },
  {
    "nama": "anj",
    "count": 1
  },
  {
    "nama": "groupmenu",
    "count": 1
  },
  {
    "nama": "ownermenu",
    "count": 2
  },
  {
    "nama": "cekidch",
    "count": 2
  },
  {
    "nama": "cekidgc",
    "count": 1
  },
  {
    "nama": "idgc",
    "count": 2
  },
  {
    "nama": "delete",
    "count": 2
  },
  {
    "nama": "antiimage",
    "count": 3
  },
  {
    "nama": "antivideo",
    "count": 1
  },
  {
    "nama": "swm",
    "count": 28
  },
  {
    "nama": "autobio",
    "count": 1
  },
  {
    "nama": "getfile",
    "count": 1
  },
  {
    "nama": "addsaldo",
    "count": 2
  },
  {
    "nama": "nyerah",
    "count": 3
  },
  {
    "nama": "tts",
    "count": 3
  },
  {
    "nama": "ceksaldo",
    "count": 1
  },
  {
    "nama": "antitoxic",
    "count": 2
  },
  {
    "nama": "tebakgambar",
    "count": 4
  },
  {
    "nama": "tes",
    "count": 2
  },
  {
    "nama": "close",
    "count": 1
  },
  {
    "nama": "open",
    "count": 51
  },
  {
    "nama": "rawat",
    "count": 2
  },
  {
    "nama": "joinrpg",
    "count": 4
  },
  {
    "nama": "ttaudio",
    "count": 59
  },
  {
    "nama": "ping",
    "count": 21
  },
  {
    "nama": "bcgc",
    "count": 1
  },
  {
    "nama": "ytmp4",
    "count": 3
  },
  {
    "nama": "stiker",
    "count": 15
  },
  {
    "nama": "remini",
    "count": 5
  },
  {
    "nama": "leave",
    "count": 1
  },
  {
    "nama": "tiktok",
    "count": 26
  },
  {
    "nama": "brat2",
    "count": 6
  },
  {
    "nama": "mode",
    "count": 1
  },
  {
    "nama": "del",
    "count": 1
  },
  {
    "nama": "autoread",
    "count": 1
  },
  {
    "nama": "profile",
    "count": 6
  },
  {
    "nama": "daftar",
    "count": 6
  },
  {
    "nama": "public",
    "count": 2
  },
  {
    "nama": "ttsearch",
    "count": 2
  },
  {
    "nama": "jpm",
    "count": 1
  },
  {
    "nama": "reactch",
    "count": 4
  },
  {
    "nama": "ig",
    "count": 6
  },
  {
    "nama": "happy",
    "count": 1
  },
  {
    "nama": "deposit",
    "count": 1
  },
  {
    "nama": "tourl",
    "count": 1
  },
  {
    "nama": "sticker",
    "count": 16
  },
  {
    "nama": "perak",
    "count": 2
  },
  {
    "nama": "addprem",
    "count": 1
  },
  {
    "nama": "kick",
    "count": 2
  },
  {
    "nama": "emojimix",
    "count": 2
  },
  {
    "nama": "video",
    "count": 2
  },
  {
    "nama": "hdvid",
    "count": 7
  },
  {
    "nama": "runtimeserver",
    "count": 2
  },
  {
    "nama": "next",
    "count": 1
  },
  {
    "nama": "confes",
    "count": 7
  },
  {
    "nama": "bot",
    "count": 5
  },
  {
    "nama": "confess",
    "count": 5
  },
  {
    "nama": "bratanime",
    "count": 6
  },
  {
    "nama": "gruplist",
    "count": 1
  },
  {
    "nama": "balasconfes",
    "count": 1
  },
  {
    "nama": "balasmenfes",
    "count": 1
  },
  {
    "nama": "cerpen",
    "count": 3
  },
  {
    "nama": "listmenu",
    "count": 2
  },
  {
    "nama": "chataimenu",
    "count": 1
  },
  {
    "nama": "makermenu",
    "count": 3
  },
  {
    "nama": "beautiful",
    "count": 2
  },
  {
    "nama": "txt2img",
    "count": 2
  },
  {
    "nama": "malam",
    "count": 2
  },
  {
    "nama": "h",
    "count": 1
  },
  {
    "nama": "chatgpt",
    "count": 2
  },
  {
    "nama": "luminai",
    "count": 1
  },
  {
    "nama": "menfesmenu",
    "count": 4
  },
  {
    "nama": "readvo",
    "count": 13
  },
  {
    "nama": "rvo",
    "count": 2
  },
  {
    "nama": "menfess",
    "count": 4
  },
  {
    "nama": "cecanmenu",
    "count": 1
  },
  {
    "nama": "rose",
    "count": 1
  },
  {
    "nama": "downloadmenu",
    "count": 1
  },
  {
    "nama": "audio",
    "count": 2
  },
  {
    "nama": "autoviewsw",
    "count": 2
  },
  {
    "nama": "buy",
    "count": 1
  },
  {
    "nama": "revoke",
    "count": 2
  },
  {
    "nama": "d",
    "count": 1
  },
  {
    "nama": "sapi",
    "count": 1
  },
  {
    "nama": "cn",
    "count": 1
  },
  {
    "nama": "hdr",
    "count": 4
  },
  {
    "nama": "hdr2",
    "count": 3
  }
]